id,label,umap_x,umap_y
0,0,-2.441036,-0.19034082
1,1,-0.5648442,-2.8837276
2,2,2.7527273,4.2850184
3,3,-2.8905025,3.518543
4,4,-0.29946452,-5.922715
5,5,1.0893207,2.7381804
6,6,4.5945005,-2.566717
7,7,-5.6413736,-0.8603594
8,8,-0.43641824,0.5542202
9,9,0.717343,2.7132134
10,0,-2.4473052,-0.1874126
11,1,-1.210203,-3.0174143
12,2,-0.36207572,5.283614
13,3,-2.7872949,2.2682009
14,4,-0.9907758,-6.2578845
15,5,2.6761,-0.2042269
16,6,5.315007,-2.2988398
17,7,-4.707314,-1.4572558
18,8,0.2050777,-0.3742801
19,9,1.5617045,2.646836
20,0,-1.3249966,-0.933248
21,1,-1.2899884,-2.9142916
22,2,0.16378623,5.3936706
23,3,-3.3973358,1.7270064
24,4,-0.19092163,-5.6744065
25,5,2.9833746,-0.47251812
26,6,4.4807835,-2.4430082
27,7,-3.9873753,-1.2526569
28,8,-0.09240902,0.27838093
29,9,1.5613495,2.5699658
30,0,-2.1081674,0.05720809
31,9,1.6512501,2.7256362
32,5,3.4555857,0.9321399
33,5,3.5244124,0.4356554
34,6,5.08413,-2.3262208
35,5,3.2148356,0.4110055
36,0,-1.2549676,-0.8417206
37,9,1.6494598,2.4133694
38,8,0.55348265,-0.6123062
39,9,1.3496764,3.4818823
40,8,-0.2292309,0.20813987
41,4,-1.1475642,-6.134419
42,1,-1.2036525,-3.0749476
43,7,-4.21822,-1.2209281
44,7,-5.6838546,-0.87164176
45,3,-3.4035764,2.1212158
46,5,3.2788682,0.12846917
47,1,-1.03856,-2.8065941
48,0,-2.4940045,-0.5015053
49,0,-2.1088996,-1.3254095
50,2,2.6766725,4.4563985
51,2,2.698011,4.476112
52,7,-4.152552,-1.2367566
53,8,0.099968106,0.336929
54,2,2.7702208,4.45867
55,0,-1.1631036,-1.203918
56,1,-1.0975418,-2.7450943
57,2,2.7638342,4.439429
58,6,4.443972,-2.2243047
59,3,-3.1732295,1.8896518
60,3,-3.4538064,2.17538
61,7,-4.5043526,-1.2991381
62,3,-3.396827,2.059158
63,3,-3.1629984,1.9308553
64,4,-0.6624644,-6.008478
65,6,5.2356873,-2.1321905
66,6,4.469446,-2.3329346
67,6,5.932566,-1.3227131
68,4,-1.841149,-6.103422
69,9,-3.1857553,-2.3167984
70,1,-1.0381699,-2.799791
71,5,3.5171275,0.8863635
72,0,-1.4394392,-0.90748745
73,9,1.2954462,2.69151
74,5,3.1226153,0.861365
75,2,2.6650717,4.373866
76,8,0.46268216,-0.022763325
77,2,2.490324,4.2705708
78,0,-2.407837,-1.2027968
79,0,-2.1538146,-1.3405842
80,1,-1.0559084,-2.7407806
81,7,-5.5622945,-0.9864024
82,6,4.5588627,-2.4278219
83,3,-3.6055572,1.990089
84,2,1.0993632,5.2772284
85,1,-0.88480115,-2.9632056
86,7,-3.9603057,-1.4304142
87,4,-1.7596402,-5.4365273
88,6,4.9066005,-2.3179474
89,3,-3.3500836,2.1360636
90,1,-1.2438301,-3.0675638
91,3,-3.3075888,1.7946849
92,9,1.1415275,3.8313947
93,1,-0.6681952,-2.9288118
94,7,-4.970423,-1.5008388
95,6,4.333032,-2.580621
96,8,0.42906457,-0.41809365
97,4,-0.3610247,-5.800807
98,3,-3.303573,1.8526702
99,1,1.5261621,-2.1611173
100,4,-0.25540036,-5.7348785
101,0,-1.4033145,-1.2024636
102,5,2.9814863,0.42899573
103,3,-3.5920851,0.4589557
104,6,4.443558,-2.4203393
105,9,1.5945003,2.8700824
106,6,4.667214,-2.6978154
107,1,-1.243338,-3.0993438
108,7,-4.3599195,-1.3038404
109,5,2.803386,-0.021761844
110,4,-1.5727552,-5.817779
111,4,-1.5846969,-5.9554625
112,7,-5.136328,-0.9285272
113,2,0.29993594,5.4726663
114,8,0.21482958,0.40025535
115,2,2.5823956,4.572838
116,2,2.6350718,4.49222
117,5,3.201282,-0.3258034
118,7,-4.8577905,-1.0826222
119,9,1.7403381,3.041326
120,5,3.3673022,0.5333884
121,4,-1.7513114,-5.3417444
122,8,0.06749438,-0.4310379
123,8,-0.41429105,0.43191758
124,4,-1.2375332,-6.109131
125,9,0.69928676,2.9573374
126,0,-1.3691832,-1.1361859
127,8,0.5964144,-0.6770476
128,9,0.84445465,3.8839378
129,8,1.4125822,-2.1041682
130,0,-2.1121857,-0.6914221
131,1,-1.7321817,-3.2949145
132,2,1.0758736,5.7267466
133,3,-3.6602895,1.7721889
134,4,0.21333413,-5.052134
135,5,3.1660504,-0.6219642
136,6,5.1628256,-1.1375543
137,7,-4.8596535,-0.8291481
138,8,-0.18296048,0.43552965
139,9,1.4051512,2.988424
140,0,-1.6735193,-0.6729307
141,1,-1.3631823,-3.1878202
142,2,1.1062396,5.839039
143,3,-3.4468439,2.0113404
144,4,0.05701751,-4.9999394
145,5,2.975874,-0.100634396
146,6,4.643584,-1.8772209
147,7,-4.949268,-0.7835206
148,8,-0.14695242,0.45352796
149,9,1.1584139,2.859718
150,0,-1.6059123,-1.2331946
151,1,-1.580335,-3.2518616
152,2,0.22655,5.8080745
153,3,-3.5505297,1.7611645
154,4,0.08283547,-4.6885114
155,5,2.8156712,-1.0084517
156,6,4.8865623,-2.3003414
157,7,-5.2136,-0.57626736
158,8,-0.27617112,-0.09814631
159,9,1.3712521,2.9660208
160,0,-1.3890442,-0.5394951
161,9,1.3997688,2.8717387
162,5,3.1525488,-0.22285223
163,5,2.8043597,-0.97103643
164,6,5.6561227,-0.9426445
165,5,3.1392715,-0.7138873
166,0,-1.820216,-0.43447122
167,9,1.7276552,3.5200732
168,8,-0.19487152,0.42849943
169,9,1.5970796,2.7963378
170,8,-0.24713933,-0.34154633
171,4,0.4592297,-5.0473185
172,1,-1.5267808,-3.13557
173,7,-4.2973075,-1.1434418
174,7,-4.338555,-1.6202542
175,3,-2.973566,1.860606
176,5,3.0888531,-0.28633752
177,1,-1.6272819,-3.2730749
178,0,-2.3697348,-1.3089353
179,0,-1.2037288,-1.2479812
180,2,0.73630947,5.757292
181,2,0.86871076,5.9482584
182,7,-4.8880343,-0.8668028
183,8,-0.42615312,0.51857156
184,2,1.312751,5.073601
185,0,-1.3164654,-1.1969888
186,1,-1.5177419,-2.9785597
187,2,0.17715965,4.7985854
188,6,5.378477,-1.350004
189,3,-3.3493767,2.0074053
190,3,-3.4263742,2.0645404
191,7,-5.1309366,-0.3943931
192,3,-3.4167576,1.7299182
193,3,-3.4672174,2.1067069
194,4,-0.092267774,-5.155839
195,6,5.079005,-2.4926481
196,6,5.498869,-1.4444876
197,6,5.488357,-1.0519772
198,4,0.104704045,-4.9771447
199,9,1.178115,2.8829741
200,1,-1.276901,-3.1647813
201,5,3.1124964,-0.38217872
202,0,-1.6256678,-1.2907417
203,9,0.6036833,3.2066157
204,5,2.8220417,-1.0145512
205,2,0.12577714,5.8506927
206,8,-0.28106922,-0.28358424
207,2,0.8358459,6.0148587
208,0,-1.172189,-1.2242501
209,0,-1.3617061,-1.2199717
210,1,-1.5292221,-3.13915
211,7,-5.631303,-0.31183
212,6,5.892313,-1.3232423
213,3,-3.3976214,1.9065244
214,2,1.0409611,6.049551
215,1,-1.2070955,-3.4227076
216,7,-5.1074133,-0.44811764
217,3,-3.4776835,1.9617214
218,1,-1.5394629,-3.2808516
219,3,-3.40857,1.9490807
220,9,0.5874328,3.042042
221,1,-1.3018514,-2.8929186
222,7,-4.395335,-1.0129853
223,6,5.052964,-2.3085346
224,8,-0.72017676,0.60096943
225,4,0.4340273,-4.9601903
226,3,-3.4034655,1.7544914
227,1,-1.4300867,-3.1615605
228,4,0.13714588,-4.599231
229,0,-2.1376336,-1.2303964
230,5,2.8862116,-0.6607286
231,3,-3.3704383,1.5962754
232,6,4.594207,-1.3647608
233,9,1.2574801,2.8659213
234,6,5.227026,-0.81411815
235,1,-1.4789746,-2.9082072
236,7,-5.263758,-0.5215226
237,5,2.9352546,-0.7215077
238,4,0.37869498,-4.7017384
239,4,0.009064254,-4.6238136
240,7,-5.0782804,-0.49542105
241,2,1.3651476,5.202618
242,8,-0.157216,-0.07900861
243,2,1.2675626,5.0869036
244,2,1.0018442,5.8804693
245,5,3.0624754,-0.7884686
246,5,3.0627537,-0.4670051
247,4,-0.05181462,-4.7175164
248,8,-0.5105746,0.35371226
249,8,-0.44384533,0.50346684
250,4,0.38415918,-4.939565
251,9,0.5320819,2.671866
252,0,-1.6047816,-1.1976975
253,8,-0.7725716,0.51243544
254,9,0.4623629,3.1258056
255,8,0.07999661,0.28604528
256,0,-2.1723301,-0.10226216
257,1,1.1820424,-2.2163408
258,2,0.9469978,5.724949
259,3,-2.8943424,3.5591013
260,4,-1.6623714,-5.873354
261,5,3.5949311,1.6549305
262,6,5.32586,-0.76709276
263,7,-4.286245,-1.2281901
264,8,-0.31370777,1.4630617
265,9,-0.2582912,-1.9770457
266,0,-2.2133007,-1.0302722
267,1,0.6219979,-2.2743971
268,2,0.86015975,5.4882183
269,3,-2.6717458,2.8173873
270,4,-1.5716923,-5.8077207
271,5,3.2409632,-0.082522035
272,6,5.541781,-1.2017657
273,7,-5.2494125,-0.95669883
274,8,0.42341375,0.110341415
275,9,-0.11792975,-2.2072828
276,0,-2.400058,-0.24087895
277,1,0.92911774,-1.9141868
278,2,1.2528033,5.6873007
279,3,-2.6457899,3.0915623
280,4,-1.643129,-5.720013
281,5,3.3987184,1.2915848
282,6,5.9417515,-1.2325826
283,7,-4.3290267,-1.9656289
284,8,0.2094995,0.043312058
285,9,1.2507672,3.4907637
286,0,-2.1984563,-0.014967022
287,9,1.9027667,3.3483377
288,5,3.5889444,1.5908656
289,5,2.9758356,1.1744285
290,6,5.2890706,-1.7810098
291,5,2.6055524,1.7447
292,0,-2.343757,0.18830925
293,9,0.63161945,3.1274996
294,8,-0.75442356,0.9940258
295,9,1.8157554,2.9739587
296,8,-0.5162972,0.89895517
297,4,-0.9958519,-6.019467
298,1,1.2605393,-1.7561094
299,7,-5.012877,-1.0819931
300,7,-4.276867,-1.751419
301,3,-2.7103693,2.6020877
302,5,3.544089,1.4635923
303,1,0.8597106,-2.1472259
304,0,-2.5841672,-0.56826186
305,0,-2.4921129,-0.56921244
306,2,1.1427784,5.7482715
307,2,1.0444511,5.7304344
308,7,-4.2647552,-0.9879588
309,8,-0.42222616,1.5657885
310,2,0.8752829,5.6945043
311,0,-2.448923,-0.43653598
312,1,-1.2266632,-3.2693381
313,2,0.9378013,5.4050975
314,6,5.2763543,-0.6384967
315,3,-3.0958629,3.361793
316,3,-2.758847,2.5245922
317,7,-4.3276415,-1.4491961
318,3,-2.6465273,2.8082736
319,3,-2.6142313,2.8965054
320,4,-1.4932654,-5.841402
321,6,5.871502,-1.3960328
322,6,5.8044996,-1.15513
323,6,5.5472374,-1.7588317
324,4,-1.4436284,-5.7608347
325,9,-0.46149454,-1.9780244
326,1,1.4547094,-2.228694
327,5,2.8861625,-0.016302995
328,0,-2.4638202,-0.14808063
329,9,-0.058896206,-2.262498
330,5,3.5866568,1.5733562
331,2,0.85651696,5.6097693
332,8,-0.28812537,1.1168445
333,2,1.1266136,5.8376822
334,0,-2.3789742,-0.3516551
335,0,-2.4058964,-0.27295938
336,1,0.72322947,-2.2084508
337,7,-4.9725757,-1.572069
338,6,5.267848,-2.2871115
339,3,-2.6999586,2.7906125
340,2,1.1228552,5.786322
341,1,0.704315,-2.2175238
342,7,-4.8125935,-1.4381111
343,4,-1.3994634,-6.0110407
344,6,5.419997,-0.8852435
345,3,-2.797324,2.4551663
346,1,0.80696285,-2.0652235
347,3,-3.234746,3.2996235
348,9,-0.103728406,-2.2164285
349,1,1.3388155,-2.4899182
350,7,-4.9240227,-1.0958306
351,6,5.295312,-1.5506057
352,8,-0.1403646,0.37863612
353,4,-0.77914023,-6.1944246
354,3,-3.1687522,3.3828971
355,1,1.3147203,-2.6037805
356,4,-2.0141768,-5.5127835
357,0,-2.266122,-0.87606925
358,5,3.2910328,1.7643263
359,3,-2.4768867,3.010049
360,6,5.559874,-1.1194175
361,9,-0.103435956,-2.2735882
362,6,5.7820687,-1.3163695
363,1,1.1433594,-1.861739
364,7,-5.141018,-0.64455366
365,5,3.4091933,0.76267904
366,4,-0.36932862,-6.513808
367,4,-1.2202569,-6.007137
368,7,-4.8625493,-1.3843304
369,2,1.0195234,5.7891173
370,8,-0.24918017,1.0886936
371,2,1.2469652,5.7678504
372,2,0.7957568,5.3291135
373,5,3.0185854,1.6121534
374,7,-4.256896,-1.6259036
375,9,-1.0597007,-3.7078261
376,5,3.177206,-0.9662212
377,4,-1.4492335,-5.8017206
378,8,-0.536387,1.1658512
379,8,-0.42277053,1.2529635
380,4,-1.1329274,-6.1429586
381,9,-1.0134777,-3.7913504
382,0,-2.4393654,-1.0806738
383,8,0.35441184,0.09071832
384,9,-0.22675273,-2.1750457
385,3,-2.779197,2.230128
386,0,-2.1390579,-1.3349197
387,1,-1.9525149,-3.1602473
388,2,-0.27769557,5.186526
389,3,-2.6636024,2.6182775
390,4,0.021993417,-5.045089
391,5,3.8117168,0.9641525
392,6,4.4434514,-1.4371498
393,7,-0.304263,-3.3774097
394,8,-0.08976994,1.3580012
395,9,0.94575155,3.7121825
396,0,-2.0838559,-1.1621377
397,1,-0.9738224,-2.6512246
398,2,-0.31090567,5.5042963
399,3,-2.7737324,3.722402
400,4,-0.4454344,-5.0244184
401,5,3.6111777,0.38998303
402,6,4.309712,-1.486223
403,7,-0.30452582,-3.4541936
404,8,0.02840022,0.363365
405,9,1.6783868,3.4481041
406,0,-1.6915678,-1.2707112
407,1,-1.2803783,-2.8077579
408,2,-0.08892324,4.9188795
409,3,-2.3368952,3.557494
410,4,-0.012557851,-4.9217396
411,5,3.576199,0.46806288
412,6,4.457475,-1.4085838
413,7,-0.3574349,-3.4721496
414,8,-0.020979391,1.6871144
415,9,1.5667576,3.443573
416,0,-1.7217144,-0.6577632
417,9,0.4705842,2.6557918
418,5,3.7458997,0.8578292
419,5,3.5680635,0.5015553
420,6,4.3273153,-1.4424915
421,5,3.8067462,1.0576434
422,0,-2.188042,-1.149282
423,9,0.4525531,2.5813093
424,8,-0.116520055,1.104073
425,9,1.2031106,3.1770613
426,8,-0.11271559,1.1337276
427,4,-0.09690222,-5.230635
428,1,-1.462176,-2.9167845
429,7,-0.15899792,-3.4104242
430,7,-0.16263342,-3.2395885
431,3,-2.8695564,3.5742018
432,5,3.5492318,0.5023957
433,1,-0.9995895,-2.6437347
434,0,-2.2204554,-1.2136166
435,0,-1.8941247,-1.1812413
436,2,-0.17205226,5.5736966
437,2,-0.10894221,5.0104866
438,7,-0.27357587,-3.295442
439,8,-0.2848079,1.6623377
440,2,0.20567931,5.406841
441,0,-2.500334,-0.81919605
442,1,5.3480864,3.2029614
443,2,-0.53956914,5.606799
444,6,5.1063623,-0.75743556
445,3,-3.022548,3.4710987
446,3,-2.7045798,3.8277476
447,7,-0.046040554,-3.4069498
448,3,-2.6827173,3.8599012
449,3,-2.8305097,3.7287803
450,4,-0.19527973,-5.009185
451,6,4.4302874,-1.5516329
452,6,4.42265,-1.4221513
453,6,4.395191,-1.5559895
454,4,-0.024305547,-5.0684752
455,9,1.1683029,3.0687907
456,1,-1.4811318,-2.8068523
457,5,3.5931077,1.2882942
458,0,-1.8131571,-0.4746439
459,9,0.5073062,2.5422735
460,5,3.5395927,0.5348535
461,2,-0.20394681,5.028392
462,8,-0.050393045,1.039756
463,2,0.11157983,5.030879
464,0,-2.3572807,-0.79358524
465,0,-2.0574412,-1.6317903
466,1,-0.9731252,-2.662469
467,7,-0.1490082,-3.3909845
468,6,4.848581,-1.9811395
469,3,-2.6615214,3.711177
470,2,0.03319609,4.7096705
471,1,-0.9225862,-2.698105
472,7,-0.2384163,-3.4685922
473,4,-0.26808468,-5.6992345
474,6,4.4468412,-1.7417247
475,3,-2.833354,3.6974795
476,1,-1.2252562,-2.920182
477,3,-2.7359602,3.6095011
478,9,0.98800474,2.9968622
479,1,-1.148455,-2.7575061
480,7,-0.40460724,-2.0892162
481,6,4.3352766,-1.5922796
482,8,-0.26853094,1.0105368
483,4,-0.23697256,-5.077994
484,3,-3.021193,3.573258
485,1,-1.0192351,-2.622966
486,4,-0.01291385,-4.99508
487,0,-2.0641546,-1.3789369
488,5,3.6878822,0.72521544
489,3,-2.8113208,3.7198439
490,6,4.4529185,-1.6579763
491,9,0.55357945,2.6120055
492,6,4.291656,-2.1498508
493,1,-1.4435472,-2.8720486
494,7,-0.20737243,-3.4043667
495,5,3.5843048,0.4997944
496,4,-0.056661487,-5.4738708
497,4,-0.03919249,-5.116728
498,7,-0.031369373,-3.2201307
499,2,0.24270736,5.018298
500,8,-0.1503252,1.3496898
501,2,-0.076804616,5.0308166
502,2,2.8260586,4.2501683
503,5,2.8596172,-0.42009553
504,7,-0.1970546,-3.3085754
505,9,1.1170284,3.0450428
506,5,3.5055017,0.5901171
507,4,0.020335035,-5.3604
508,8,-0.12481799,0.5513173
509,8,-0.122660086,0.5597732
510,4,0.10244419,-5.018756
511,9,0.98126376,3.672679
512,0,-2.1844666,-0.52277803
513,8,-0.3792716,1.0969987
514,9,0.96928793,3.0831785
515,8,-0.08719006,1.2046059
516,0,-1.7824998,-0.3462867
517,1,5.2036514,3.0718064
518,2,-0.59701705,5.5889626
519,3,1.2711043,0.995457
520,4,-1.65985,-4.9906693
521,5,3.4623795,1.375647
522,6,4.7990656,-1.6159971
523,7,-5.8282924,-0.42104596
524,8,-0.8438424,0.8184468
525,9,0.68243706,2.6171165
526,0,-2.6301618,-0.6425764
527,1,5.4055014,3.2678397
528,2,-0.10638437,5.1761403
529,3,1.1541129,0.92449
530,4,-1.7102351,-5.190315
531,5,3.487047,1.8121061
532,6,4.9191194,-1.1337986
533,7,-5.5484548,-1.0026066
534,8,-0.930813,1.0067167
535,9,0.6025211,3.2120395
536,0,-1.8502234,-0.28855523
537,1,5.6028666,3.4543848
538,2,-0.38206008,5.4563913
539,3,1.0740497,0.94825214
540,4,-0.9002431,-4.97015
541,5,3.4823272,1.6495391
542,6,5.144504,-1.4036912
543,7,-3.9828343,-1.2182192
544,8,-0.9946694,0.9189507
545,9,0.9751852,2.3878155
546,0,-1.8605543,-0.40979165
547,9,-0.07357322,0.34013912
548,5,3.6480703,1.2160624
549,5,3.1591184,2.1072235
550,6,4.7590814,-1.6780878
551,5,3.416065,1.8334206
552,0,-2.5205193,-0.9278992
553,9,0.8276213,3.8219583
554,8,-0.9355009,0.8291622
555,9,0.9427682,2.3148034
556,8,-1.077775,0.910718
557,4,-1.2743644,-5.200371
558,1,5.4347906,3.2939477
559,7,-4.7360725,-1.3131247
560,7,-5.317664,-1.2282124
561,3,1.2435255,0.95532626
562,5,3.5284045,1.6986625
563,1,5.251742,3.1082172
564,0,-2.0333893,-0.550636
565,0,-2.5434587,-1.3662813
566,2,-0.13906902,5.342853
567,2,0.037506737,4.976496
568,7,-5.7047124,-0.4671766
569,8,-0.9481485,1.0446755
570,2,-0.44061363,5.351218
571,0,-2.4575655,-0.29113716
572,1,5.5298624,3.382817
573,2,-0.054173164,5.1306806
574,6,4.4530396,-2.1680732
575,3,1.2250205,1.0067424
576,3,0.94160014,1.0079387
577,7,-4.05157,-1.172195
578,3,1.0265623,1.203316
579,3,1.2472067,0.95622504
580,4,-1.3146328,-5.2704563
581,6,4.670179,-1.4755981
582,6,4.8014774,-1.7878048
583,6,4.925608,-1.0757862
584,4,-1.6751772,-5.163348
585,9,0.85699874,3.4279106
586,1,5.1418967,3.0033326
587,5,3.5098717,1.6268936
588,0,-1.6771494,-0.54825795
589,9,1.0909092,2.7815568
590,5,3.367665,1.8664675
591,2,-0.40697482,5.24746
592,8,-1.2490219,0.89627856
593,2,0.7543992,5.4042425
594,0,-2.0344956,-0.7948176
595,0,-2.0648062,-0.6430934
596,1,5.454828,3.309616
597,7,-5.537839,-0.6952972
598,6,4.6698403,-1.3355385
599,3,1.2081687,1.0376337
600,2,0.7556891,5.137712
601,1,5.1772013,3.0416522
602,7,-5.568534,-1.0405754
603,4,-1.7396202,-4.886812
604,6,4.439925,-2.1326704
605,3,1.2419901,0.91371465
606,1,5.385247,3.244655
607,3,1.1342955,1.0097218
608,9,0.7437566,2.4669204
609,1,5.1992273,3.0709836
610,7,-5.090223,-0.81297874
611,6,4.725858,-1.6425279
612,8,-1.0612749,0.8987768
613,4,-1.4732878,-5.0579247
614,3,1.2209384,0.96292794
615,1,1.3659104,-1.4445177
616,4,-1.5105563,-5.0660224
617,0,-1.9017544,-0.22037324
618,5,3.27754,2.02682
619,3,1.2377988,0.9858638
620,6,4.8561277,-1.7954915
621,9,0.85441506,2.3937294
622,6,4.7798038,-1.7672902
623,1,5.1585884,3.047884
624,7,-5.301413,-1.0227244
625,5,3.511429,1.614813
626,4,-0.87880486,-4.9622717
627,4,-1.328113,-5.3674445
628,7,-5.3022375,-0.4427095
629,2,-0.15140177,5.1360955
630,8,-0.90885735,0.8360865
631,2,0.53403354,5.570381
632,2,-0.075495996,5.106116
633,5,3.425786,1.329301
634,7,-5.364158,-1.1561617
635,9,1.4499818,3.4752226
636,5,3.3847198,1.9034373
637,4,-1.7383895,-4.8960924
638,8,-1.0337304,0.8113318
639,8,-1.1179456,0.9100703
640,4,-1.5566688,-5.037997
641,9,1.0712179,3.4505405
642,0,-1.9571128,-0.4718498
643,8,-1.1944671,0.8671391
644,9,1.633162,3.4990115
645,8,-0.9730881,0.84339404
646,0,-1.8211962,-0.38312677
647,1,0.9788813,-1.5595918
648,2,0.75075305,6.078577
649,3,-2.6733427,2.3460262
650,4,0.018039916,-4.8378987
651,5,3.0237188,0.87385446
652,6,5.7574077,-1.3920435
653,7,-5.2823415,-1.1718674
654,8,-0.2767129,1.1542903
655,9,-1.1421417,-3.9082587
656,0,-2.526584,0.21159002
657,1,1.3111222,-1.7613893
658,2,0.65993947,6.080893
659,3,-2.3441238,2.5557985
660,4,0.20036481,-4.896106
661,5,3.0023487,-0.3664092
662,6,5.8011785,-1.3020006
663,7,-3.9660766,-1.2873358
664,8,0.12274515,0.8951214
665,9,-1.0547591,-3.8207097
666,0,-1.593713,-0.5414941
667,1,1.4043412,-1.7338132
668,2,0.6222186,6.0898685
669,3,-2.7527723,2.62558
670,4,-0.29662642,-5.6424727
671,5,2.8473892,-0.5311549
672,6,5.701445,-1.2991486
673,7,-3.7955694,-1.3966526
674,8,-0.2951566,1.2165331
675,9,-1.2661211,-3.9798098
676,0,-2.272885,-0.47742575
677,9,-1.1765431,-3.9840636
678,5,2.8029935,0.68300444
679,5,2.5671258,-0.40595353
680,6,5.8305697,-0.9934938
681,5,3.0242643,-0.4833351
682,0,-2.0249977,-1.1307194
683,9,-1.376865,-3.340531
684,8,0.124024205,0.8562017
685,9,-1.2111309,-3.997552
686,8,0.08359718,0.85627985
687,4,-0.008788993,-4.983077
688,1,0.78204656,-1.7031692
689,7,-3.8657918,-1.4082568
690,7,-3.8968577,-1.4411552
691,3,-2.2657018,2.283459
692,5,2.8437397,-0.41582897
693,1,0.7932548,-1.7156994
694,0,-1.6037282,-0.8363418
695,0,-2.6588988,-0.3591304
696,2,0.21601248,6.036536
697,2,0.59340924,6.057079
698,7,-4.0830107,-1.1977725
699,8,0.16201779,0.7889907
700,2,0.4108505,6.0853925
701,0,-1.2974408,-1.1295584
702,1,0.9243959,-2.31593
703,2,0.21269162,6.049534
704,6,5.9074836,-1.2319033
705,3,-2.3956442,2.4065354
706,3,-2.5334995,2.5519142
707,7,-3.9534962,-1.0409235
708,3,-2.303056,2.4639063
709,3,-2.8649194,2.6487298
710,4,0.008838948,-5.1103477
711,6,5.3450184,-0.7006503
712,6,5.540704,-1.7668484
713,6,5.7080374,-1.0256888
714,4,0.03886088,-4.982122
715,9,-1.2247876,-4.016696
716,1,0.8942479,-1.809422
717,5,2.8361807,0.7583365
718,0,-1.5789247,-1.0003233
719,9,-1.2157067,-3.9287133
720,5,2.7890534,0.7084294
721,2,0.38710448,6.038098
722,8,-0.08168895,1.3393278
723,2,0.69996357,5.937963
724,0,-1.4804537,-0.49745393
725,0,-2.1117504,-0.73156613
726,1,0.79212815,-2.1210837
727,7,-4.0947804,-1.344493
728,6,5.711225,-1.2807184
729,3,-2.521645,2.4204648
730,2,1.409675,5.647692
731,1,0.9373238,-1.3292309
732,7,-3.7587922,-1.3933542
733,4,0.061574135,-4.9057803
734,6,5.2664776,-2.3608317
735,3,-2.4538488,2.4916182
736,1,1.2202669,-1.8598076
737,3,-3.218429,3.2326863
738,9,-1.1917143,-3.8685324
739,1,0.8473596,-1.6544908
740,7,-4.1264286,-1.2410157
741,6,5.601276,-0.8944421
742,8,0.15367782,0.32401317
743,4,-1.6056163,-5.0416293
744,3,-3.3441718,3.0671296
745,1,0.9495913,-1.5769734
746,4,-2.2091684,-5.089641
747,0,-1.6084296,-0.7157376
748,5,2.9939036,1.0010908
749,3,-3.0426571,2.829115
750,6,5.208585,-2.381976
751,9,-1.3502872,-4.1398835
752,6,5.2560263,-2.3991165
753,1,0.9504149,-1.6370498
754,7,-4.1036406,-1.235142
755,5,2.904163,-0.41375744
756,4,-0.74196124,-5.0842576
757,4,-2.1184561,-5.1487126
758,7,-4.0003476,-1.3615987
759,2,0.77887124,6.106713
760,8,0.49797636,0.3392755
761,2,0.89485717,6.1984363
762,2,0.73453015,6.0888157
763,5,2.9895034,-0.5242733
764,7,-5.4360743,-1.2516295
765,9,-1.1374927,-3.9359682
766,5,2.7830544,-1.0683093
767,4,-0.8961817,-4.9866023
768,8,-0.15433528,1.1441282
769,8,0.5091909,0.05901353
770,4,-2.1574037,-5.076079
771,9,-1.2039083,-3.8917835
772,0,-1.9351289,-0.72905755
773,8,-0.3565676,1.1741507
774,9,-1.0391657,-3.7024693
775,8,0.21768434,0.55050033
776,0,-2.67283,0.008767688
777,1,1.1673179,-2.612666
778,2,1.0584978,5.5005445
779,3,-3.1154175,3.3327413
780,4,-0.89903915,-5.3772717
781,5,3.2331886,-0.119962886
782,6,4.2785378,-1.4690864
783,7,-4.6879225,-1.6648344
784,8,0.42221648,0.8769975
785,9,1.6027242,3.2418978
786,0,-2.586691,-0.833662
787,1,1.4802643,-2.8544488
788,2,0.869113,5.3508987
789,3,-2.968265,3.1275141
790,4,-0.737547,-5.4329286
791,5,3.077849,-0.980472
792,6,4.300315,-1.3989232
793,7,-5.137477,-0.9268117
794,8,-1.0319264,-2.7937198
795,9,0.7927592,3.9026828
796,0,-2.2256176,0.007699408
797,1,1.0933856,-2.4235587
798,2,1.4081157,5.6208367
799,3,-2.895053,3.0353432
800,4,-0.84247303,-5.3896933
801,5,3.075283,-0.87456167
802,6,4.1860166,-1.940529
803,7,-4.9279885,-0.73222125
804,8,0.35463524,0.37180412
805,9,1.4922122,3.2517087
806,0,-2.57133,-0.5542173
807,9,0.8260312,3.8457975
808,5,3.2777262,-0.07639245
809,5,2.8595185,-0.54970914
810,6,4.8048005,-0.777979
811,5,3.2634108,-0.09298149
812,0,-2.29634,-0.30921435
813,9,1.2388732,1.1294736
814,8,-0.25469252,1.433139
815,9,0.96300066,3.6556146
816,8,-0.12875888,1.8222009
817,4,-0.6154045,-6.200105
818,1,0.8904373,-1.5550902
819,7,-5.0432124,-0.6078983
820,7,-4.5614676,-1.4044634
821,3,-3.0060465,2.88407
822,5,3.2041044,-0.17430069
823,1,0.7681124,-1.6647152
824,0,-2.1154962,-0.6020148
825,0,-2.2683327,-0.38610807
826,2,0.92761326,5.963655
827,2,1.3539039,5.1125917
828,7,-5.097096,-0.43327042
829,8,-0.11207223,1.9009758
830,2,1.3868992,5.6450405
831,0,-2.031038,-0.0323866
832,1,5.5643716,3.4332488
833,2,0.12057511,4.756931
834,6,4.7490115,-2.2824066
835,3,-3.1215026,2.838586
836,3,-3.095309,2.8482294
837,7,-4.8426013,-0.83531815
838,3,-2.5651007,2.1544168
839,3,-2.5427253,2.1176186
840,4,-0.961403,-5.3410735
841,6,4.4868917,-1.6337427
842,6,4.831971,-0.82472783
843,6,4.3222694,-1.4649472
844,4,-0.73538464,-5.359053
845,9,1.5812446,3.494172
846,1,0.7212528,-1.9282571
847,5,3.364849,-0.09296291
848,0,-1.3407655,-0.76425034
849,9,0.7463993,3.3726723
850,5,3.2013378,-0.1491956
851,2,1.6209013,5.4619637
852,8,0.028893001,0.89851767
853,2,1.2973703,5.1352634
854,0,-1.2484425,-0.97668326
855,0,-2.6804757,-0.8551815
856,1,1.1376828,-1.8247203
857,7,-4.873169,-0.7657283
858,6,5.0040536,-1.0556625
859,3,-2.7529624,2.5484948
860,2,0.28803524,5.6032634
861,1,0.9814556,-1.9791733
862,7,-4.3134675,-1.0988817
863,4,-0.46826404,-6.113912
864,6,4.1702056,-1.5798618
865,3,-3.088459,3.3087888
866,1,1.1568732,-2.322902
867,3,-2.9764493,3.0636263
868,9,0.79098374,3.838994
869,1,1.5459166,-2.2436724
870,7,-5.045782,-0.5256828
871,6,4.9236493,-0.9555894
872,8,0.60131496,0.6974713
873,4,-0.79578274,-5.2388372
874,3,-2.9783661,3.2363539
875,1,0.84665495,-2.329493
876,4,-0.24443056,-6.455047
877,0,-2.4412277,-0.23998263
878,5,3.2340424,-0.024819812
879,3,-3.1173704,2.2993608
880,6,4.8528757,-2.5340352
881,9,1.6286384,3.488674
882,6,5.6720915,-0.9542842
883,1,0.7576584,-2.0426302
884,7,-4.8953633,-0.90005654
885,5,2.9902596,-0.6847687
886,4,-0.8707925,-5.2452955
887,4,-0.68168795,-5.8386984
888,7,-4.8561463,-0.83455026
889,2,1.5403037,5.4207077
890,8,-0.039114315,1.9296708
891,2,-3.477151,1.6058071
892,2,0.7117174,6.0452585
893,5,3.5495348,0.050478954
894,7,-5.573436,-0.4394505
895,9,0.8950541,3.8097591
896,5,3.0133476,-0.83044654
897,4,-0.7789736,-5.43724
898,8,-0.090167604,1.9797522
899,8,-0.3538712,0.61795706
900,4,-0.32237348,-6.4361906
901,9,0.9571115,3.6981664
902,0,-2.0768638,-0.3804075
903,8,-0.03490748,1.8933018
904,9,1.1406169,3.8176625
905,8,0.3354388,0.894141
906,1,5.4956613,3.357075
907,2,0.7396271,5.5608697
908,3,-2.4967566,3.467279
909,4,-0.59442586,-5.9496293
910,5,3.530117,1.5596497
911,6,5.704628,-0.7919289
912,7,-4.4911156,-1.9130129
913,8,-0.515753,0.9731498
914,9,1.9540787,3.1038463
915,0,-2.7217882,-0.960611
916,1,5.517889,3.3781092
917,2,0.7364348,4.9506173
918,3,-2.8708706,3.353619
919,4,-0.6887393,-6.1647334
920,5,3.2343593,1.873975
921,6,5.6132183,-0.88141084
922,7,-4.877396,-2.07051
923,8,-0.55519485,1.3147025
924,9,1.8973516,3.0604115
925,0,-2.631274,-0.8211677
926,1,5.6750154,3.5348332
927,2,0.47623208,5.4115934
928,3,-2.7051506,3.6756594
929,4,-1.3648001,-6.4051757
930,5,2.7805026,2.2575288
931,6,5.489534,-0.8649226
932,7,-4.5514975,-2.1828024
933,8,-0.6452592,1.2821764
934,9,1.9081709,3.0885432
935,0,-2.091094,-0.59173125
936,9,1.3414221,3.5945415
937,5,2.8310676,2.1316679
938,5,3.1644695,1.8312424
939,6,5.3893085,-1.1306602
940,5,2.9021142,2.1715512
941,0,-2.8134575,-0.8345671
942,9,1.7835579,3.0199323
943,8,-0.4002479,1.1352094
944,9,1.577917,3.176696
945,8,-0.22700499,1.1948588
946,4,-1.814066,-6.0502677
947,1,5.2390265,3.1198044
948,7,-4.846995,-2.0026433
949,7,-4.2460003,-1.9720042
950,3,-2.7395372,3.6004038
951,5,2.7569566,2.172638
952,1,5.3727484,3.2424927
953,2,0.35697147,5.3684626
954,7,-4.8305063,-2.034014
955,8,-0.56960374,1.2628803
956,2,-0.60788566,5.393944
957,0,-2.536484,-0.7577133
958,1,5.3459854,3.207119
959,2,-0.27176565,5.2813015
960,6,5.692536,-0.83972955
961,3,-2.7213392,3.2054918
962,3,-2.7920198,3.2316608
963,7,-4.5764923,-2.097825
964,3,-2.358901,3.5250647
965,3,-2.469693,3.5857146
966,4,-1.3776354,-6.2971187
967,6,5.4603095,-0.9508194
968,6,5.3570843,-1.0299261
969,6,5.621668,-0.907711
970,4,-1.2664031,-6.3421865
971,9,1.9626446,3.079076
972,1,5.368997,3.2288003
973,5,3.1550643,1.87386
974,0,-2.7802403,-0.7069926
975,9,1.9378493,3.1129136
976,5,3.013634,2.084228
977,2,-0.661584,5.511561
978,8,-0.32379177,1.1490862
979,2,-0.45641112,5.5014906
980,0,-2.7209678,-0.0648879
981,0,-2.7348602,-1.0612655
982,1,5.182176,3.0565388
983,7,-4.576992,-1.5637224
984,6,5.436674,-0.87577856
985,3,-2.3870904,3.462973
986,2,0.10416631,5.0322824
987,1,5.5272365,3.38791
988,4,-0.011591372,-6.627678
989,6,5.4126368,-1.9365945
990,3,-2.3958395,3.4312923
991,1,5.238147,3.1120102
992,3,-2.3556097,3.526367
993,9,1.7872368,3.0357273
994,1,5.046437,2.9191604
995,7,-4.5930157,-2.0262082
996,6,5.343208,-1.3162222
997,8,-0.36871445,1.7730808
998,4,-1.3650907,-6.286341
999,3,-2.8812265,3.1605773
1000,1,5.2000055,3.0814228
1001,4,-0.34476066,-6.0713124
1002,0,-2.4931533,-0.81382364
1003,5,3.4802704,1.2549459
1004,3,-2.4337482,3.6151652
1005,6,5.4295154,-0.89205736
1006,9,1.6134219,2.8799803
1007,6,5.1998243,-0.7862351
1008,1,5.2244525,3.109419
1009,7,-4.2513022,-2.2161746
1010,5,2.814577,2.1087248
1011,4,-0.7324389,-6.1073565
1012,4,-2.0483408,-5.8555117
1013,7,-4.852613,-1.8526726
1014,2,-0.29936668,5.339823
1015,8,-0.34159675,0.9920684
1016,2,-0.7315263,5.6640506
1017,2,-0.38615468,4.706415
1018,5,2.8800511,2.144539
1019,7,-4.528424,-1.9351406
1020,9,1.2551723,3.6002066
1021,5,3.0504918,1.5859594
1022,4,-2.1339042,-5.787587
1023,4,-2.1312582,-5.6898894
1024,9,1.2333858,2.4553902
1025,0,-2.8073027,-0.6645758
1026,8,-0.3223914,1.4453363
1027,9,1.5575981,3.0177922
1028,8,-0.37318265,1.1781152
1029,0,-2.475158,-0.10666229
1030,1,0.6241753,-1.8791282
1031,2,0.93385214,5.284802
1032,3,-2.452235,2.9974413
1033,4,-2.2051055,-5.8276887
1034,5,2.607887,-0.2378365
1035,6,5.529383,-0.98790866
1036,7,-5.0647273,-1.6783293
1037,8,0.12024267,-0.03350186
1038,9,-0.16211078,3.029064
1039,0,-2.0339274,-1.0608448
1040,1,0.95075977,-1.8706753
1041,2,0.22320281,5.44885
1042,3,-2.4328487,2.9862697
1043,4,-2.1238108,-5.793246
1044,5,3.2934303,0.6723796
1045,6,4.996276,-0.7463199
1046,7,-4.8516407,-1.8865523
1047,8,0.014112587,-0.30180708
1048,9,1.7596818,2.2976463
1049,0,-2.549211,-1.1249818
1050,1,1.2071079,-2.583242
1051,2,-0.66406393,5.54687
1052,3,-2.3341417,2.7725916
1053,4,-2.079786,-5.8373685
1054,5,3.5287044,1.4668661
1055,6,5.2039924,-1.27885
1056,7,-5.0667653,-1.7650969
1057,8,-0.59867835,0.12127614
1058,9,2.204539,2.302907
1059,0,-2.2891073,-0.9078503
1060,9,0.56641597,3.011191
1061,5,2.6264038,0.18587948
1062,5,2.657311,-0.035854943
1063,6,5.236781,-2.2809534
1064,5,2.5504057,0.012447284
1065,0,-1.7943242,-1.1385051
1066,9,1.6812781,2.3711123
1067,8,-0.6162131,0.32995337
1068,9,0.48154557,3.2942164
1069,8,-0.49342525,0.41032627
1070,4,-2.0314524,-5.854768
1071,1,0.73867244,-1.7786076
1072,7,-4.996686,-1.8810835
1073,7,-5.0064025,-1.62584
1074,3,-2.3296406,2.309733
1075,5,3.4295423,0.97433543
1076,1,1.4818652,-2.3202782
1077,0,-1.9998642,-0.9992779
1078,0,-2.0141788,-0.9522677
1079,7,-5.087791,-1.9085168
1080,8,0.23062266,-0.3931551
1081,2,-0.7854617,5.7909093
1082,0,-2.4654286,-0.97328514
1083,1,1.1705376,-1.6853287
1084,2,-0.5981674,5.6270413
1085,6,4.845924,-2.063763
1086,3,-2.1379292,2.5679412
1087,3,-2.44472,2.3446631
1088,7,-5.088178,-1.8719673
1089,3,-2.5891473,2.8163931
1090,3,-2.1991818,2.584161
1091,4,-2.0944154,-5.7096825
1092,6,5.625295,-1.630612
1093,6,5.248648,-1.9102467
1094,6,5.5082655,-1.7764792
1095,4,-1.9933567,-5.237887
1096,9,1.7249165,2.3523335
1097,1,1.1900283,-2.6512885
1098,5,3.2826443,1.1282688
1099,0,-2.2199209,-0.7789615
1100,9,0.11505919,-0.06505866
1101,5,2.7812078,-0.29925862
1102,2,-0.33638555,5.5397606
1103,8,-0.48912778,0.15588123
1104,2,-0.7796664,5.9373918
1105,0,-2.7013397,-1.2777038
1106,0,-2.667015,-1.2570263
1107,1,1.4004285,-2.0723646
1108,7,-5.3926306,-1.2938414
1109,6,5.2081356,-2.4505236
1110,3,-2.2939682,2.8619795
1111,2,-0.3523698,5.1802955
1112,1,1.1293812,-2.6256003
1113,7,-5.0526114,-1.8571447
1114,4,-2.0929167,-5.7675633
1115,6,5.7424693,-1.587206
1116,3,-2.3363347,2.9227812
1117,1,0.75375193,-1.8611374
1118,3,-3.9907603,-0.6709127
1119,9,1.6367338,2.3511653
1120,1,0.8595181,-2.1297913
1121,7,-4.8732853,-1.9209298
1122,6,5.463552,-1.6419662
1123,8,-0.4359704,0.14731015
1124,4,-2.1016414,-5.6696177
1125,3,-2.2431102,3.006953
1126,1,1.4106885,-2.160385
1127,4,-1.5529164,-5.9567857
1128,0,-2.4413917,-0.11517674
1129,5,2.9893043,0.3358126
1130,3,-2.2051363,2.5678606
1131,6,4.437855,-2.5481994
1132,9,0.9684551,2.838866
1133,6,5.3901052,-1.3101255
1134,1,1.4231583,-2.192985
1135,7,-5.617451,-0.94426477
1136,5,3.2300003,1.0854952
1137,4,-1.0391296,-6.137053
1138,4,-2.0639281,-5.8174644
1139,7,-5.175097,-1.3574984
1140,2,-0.1148437,5.0617104
1141,8,0.16500793,-0.08028774
1142,2,0.14614095,5.4509654
1143,2,-0.7406008,5.6569037
1144,5,2.6946723,-0.25025627
1145,7,-5.040163,-1.848997
1146,9,1.0572188,3.0720468
1147,5,3.0467055,0.827153
1148,4,-1.3297065,-6.059056
1149,8,-0.6254721,0.2306627
1150,8,-0.2952162,0.25995666
1151,4,-2.017518,-5.6335173
1152,9,1.735952,2.327942
1153,0,-2.3897698,-1.0382719
1154,8,-0.3102044,-0.02564355
1155,9,0.81084377,3.0206282
1156,8,-0.37791398,-0.026275896
1157,0,-2.054256,-0.6218383
1158,1,-0.8118319,-2.7581656
1159,2,1.026059,5.352741
1160,3,-2.5061677,2.8973424
1161,4,-1.1631777,-6.105504
1162,5,2.940639,1.0646949
1163,6,5.1902437,-0.6124904
1164,7,-5.797179,-0.69443524
1165,8,-0.60036737,1.2700548
1166,9,0.5553526,2.8615034
1167,0,-2.4466894,-0.09899236
1168,1,-1.0504516,-2.7368703
1169,2,0.5214624,5.448342
1170,3,-2.4774246,2.45538
1171,4,-0.34408495,-5.8767385
1172,5,2.8868597,1.1971548
1173,6,4.913381,-1.6364367
1174,7,-4.628425,-1.0531535
1175,8,0.46283418,-0.10150873
1176,9,1.827429,3.009658
1177,0,-2.456667,-0.1660029
1178,1,0.526449,-2.3818004
1179,2,0.583307,6.0793557
1180,3,-2.078963,2.8527603
1181,4,-1.2854112,-5.2549157
1182,5,3.0536904,-0.8515543
1183,6,5.5367804,-1.7296401
1184,7,-4.054721,-1.199153
1185,8,0.34099668,-0.098281026
1186,9,0.7190137,2.7411475
1187,0,-2.5226042,0.3095916
1188,9,0.88302267,3.003002
1189,5,3.2229702,1.0707334
1190,5,3.4727252,0.23023996
1191,6,5.4229875,-1.8342674
1192,5,3.2368045,-0.03344346
1193,0,-2.1766255,0.0641805
1194,9,0.66863567,3.1298532
1195,8,0.108408466,-0.17638402
1196,9,0.7932857,3.0205252
1197,8,0.1953,-0.31687546
1198,4,-0.37465292,-5.9272795
1199,1,0.8434234,-2.0158632
1200,7,-5.6217546,-0.48252416
1201,7,-5.6748867,-0.7685131
1202,3,-3.5887747,0.56258386
1203,5,2.8720446,0.8013228
1204,1,-0.043494083,-2.6437616
1205,0,-2.1070304,0.10340422
1206,0,-2.1621115,0.04139095
1207,2,0.37648496,5.707257
1208,2,0.6184005,6.093132
1209,7,-5.324786,-1.0702554
1210,8,0.5885344,-0.04897283
1211,2,1.2884227,5.6329985
1212,0,-2.5370886,0.2768028
1213,1,1.4642801,-2.831512
1214,2,0.78922933,5.5712566
1215,6,4.5242076,-1.6871667
1216,3,-2.189455,2.7176867
1217,3,-2.8961346,1.9244305
1218,7,-5.709502,-0.6228919
1219,3,-3.296041,1.777554
1220,3,-2.6285987,2.2912002
1221,4,-0.41160917,-6.331877
1222,6,5.4144692,-1.7756867
1223,6,4.7822213,-1.8945084
1224,6,4.8820467,-1.9795738
1225,4,-1.176391,-6.126097
1226,9,1.0768824,2.9047005
1227,1,1.427465,-2.1476524
1228,5,2.9111447,-0.38421205
1229,0,-2.605393,0.43376496
1230,9,0.50979954,3.239201
1231,5,2.9958813,0.9103402
1232,2,0.8181952,5.632044
1233,8,0.0943104,-0.17330602
1234,2,0.35987502,5.6968217
1235,0,-2.49734,0.17278235
1236,0,-2.352942,0.103610344
1237,1,1.2163291,-2.5955722
1238,7,-5.6453967,-0.62839967
1239,6,5.3005757,-1.605903
1240,3,-3.0437064,1.8733108
1241,2,1.009328,5.7909307
1242,1,0.29868668,-2.5137582
1243,7,-5.6231713,-0.21917544
1244,4,-0.7122524,-5.9951477
1245,6,5.297032,-1.7866696
1246,3,-3.0881004,2.1233926
1247,1,1.383466,-2.2744677
1248,3,-2.5821087,2.9082828
1249,9,0.86998904,2.905999
1250,1,1.4265494,-2.1762505
1251,7,-5.1709275,-0.91746527
1252,6,5.40394,-1.7782468
1253,8,0.072568804,-0.21059047
1254,4,-0.9250261,-6.042299
1255,3,-2.7177818,2.95663
1256,1,1.3349831,-1.9709463
1257,4,-0.72876346,-6.402792
1258,0,-2.041906,-0.4492332
1259,5,3.192675,-0.9600566
1260,3,-3.1527228,1.8437093
1261,6,4.7707553,-1.8069404
1262,9,0.6614329,3.137381
1263,6,5.3593526,-1.8344517
1264,1,0.68289566,-2.2816186
1265,7,-5.741981,-0.7391234
1266,5,2.8752432,-0.6905697
1267,4,-0.48955235,-6.424845
1268,4,-1.042442,-6.0952735
1269,7,-4.048817,-1.1750654
1270,2,1.5148723,5.6342416
1271,8,0.38409156,0.4319003
1272,2,1.1616741,5.744567
1273,2,0.85834897,5.7479434
1274,5,2.8207986,-0.97912806
1275,7,-4.4407024,-1.0957811
1276,9,0.8203662,2.990199
1277,5,3.083987,-0.3464925
1278,4,-0.6813066,-6.1033163
1279,8,0.37680155,-0.38366303
1280,8,-0.080253206,-0.14249548
1281,4,-1.6094036,-5.7432504
1282,9,1.2463452,3.5544312
1283,0,-2.50453,0.15572344
1284,8,-0.15161745,0.04002292
1285,9,0.5654954,3.192763
1286,8,-0.0727362,-0.09888585
1287,0,-2.4993849,-1.1423469
1288,1,-2.1879373,-3.1617777
1289,2,-0.73186016,5.821742
1290,3,-2.741903,2.370577
1291,4,-0.13255762,-6.5261536
1292,5,2.9996586,1.6055412
1293,6,5.098414,-2.1159108
1294,7,-5.5453706,-0.26269156
1295,8,0.12927097,0.23723778
1296,9,1.5755473,2.9037163
1297,0,-1.8669966,-0.47554082
1298,1,0.13399793,-2.577133
1299,2,-0.7445171,5.678904
1300,3,-2.4026344,2.3926766
1301,4,-0.055667102,-6.597966
1302,5,3.0717988,1.4262612
1303,6,5.127649,-2.128589
1304,7,-4.546234,-1.4252219
1305,8,0.35345614,0.03849061
1306,9,0.9115036,3.3122182
1307,0,-1.8736789,-0.85767215
1308,1,-1.5784619,-3.2899997
1309,2,-0.5478423,5.9323373
1310,3,-2.670885,3.5801802
1311,4,-0.015596766,-6.6110377
1312,5,3.0358138,0.7862162
1313,6,5.3643656,-1.8175274
1314,7,-4.9465957,-1.1139573
1315,8,0.18593188,0.09506709
1316,9,0.9544674,3.2306862
1317,0,-2.4341948,-1.4523141
1318,9,0.90041286,3.5121748
1319,5,3.0756438,0.5952198
1320,5,3.0624084,0.789314
1321,6,5.349691,-1.8463073
1322,5,3.5230033,0.75358844
1323,0,-1.1552144,-1.1364822
1324,9,1.0628362,3.2228198
1325,8,-0.050826482,0.15799537
1326,9,0.88655674,2.8146732
1327,8,0.09130807,0.26813483
1328,4,-0.2120042,-6.3793993
1329,1,1.4815143,-2.7748487
1330,7,-4.504802,-1.704545
1331,7,-5.358997,-1.0631177
1332,3,-2.506293,2.7587829
1333,5,3.2297366,0.7639048
1334,1,1.1882796,-2.6701536
1335,0,-1.5618459,-0.72036284
1336,0,-1.4710271,-0.7072336
1337,2,-0.73153496,5.909202
1338,2,-0.81504834,5.8894925
1339,7,-4.9769554,-1.0949413
1340,8,0.22134984,0.13787405
1341,2,-0.9044414,5.88333
1342,0,-2.1131752,0.021340279
1343,1,-1.544441,-2.9059534
1344,2,-0.7773664,5.8517394
1345,6,4.3005486,-1.731004
1346,3,-3.1380744,2.2939353
1347,3,-2.301679,2.3791625
1348,7,-5.640575,-0.4764034
1349,3,-2.1597278,2.3304334
1350,3,-2.3886395,2.430763
1351,4,-0.04554403,-6.5496755
1352,6,4.3000045,-1.8481004
1353,6,4.270014,-1.7627709
1354,6,4.464143,-1.8415138
1355,4,-0.5064741,-6.4091244
1356,9,1.7110041,3.502966
1357,1,1.1599234,-2.563342
1358,5,3.0278306,0.884104
1359,0,-2.2688305,-0.4488232
1360,9,0.936954,3.2640884
1361,5,4.8269057,-1.0842391
1362,2,-0.08932415,5.538806
1363,8,0.08814657,0.3277044
1364,2,-0.84392923,5.883159
1365,0,-2.435722,-0.16675207
1366,0,-1.6680276,-0.7722995
1367,1,-0.947358,-2.774979
1368,7,-5.6868987,-0.6119009
1369,6,4.946582,-1.982617
1370,3,-2.595456,2.647946
1371,2,-0.37830025,5.394739
1372,1,1.2549226,-2.6827972
1373,7,-5.1035614,-0.53926086
1374,4,-0.5000021,-6.4634013
1375,6,5.3863087,-1.866431
1376,3,-3.1839333,1.9672815
1377,1,1.4341719,-2.8851886
1378,3,-2.7645648,3.101439
1379,9,1.2665077,3.4850657
1380,1,1.3172488,-2.5638936
1381,7,-4.5733323,-1.4410181
1382,6,5.21105,-1.9302708
1383,8,0.0133257415,-0.3374171
1384,4,-0.11524102,-6.4693093
1385,3,-2.3474946,2.4274263
1386,1,1.5295435,-2.4545393
1387,4,-1.0834546,-6.101091
1388,0,-1.815134,-0.6970453
1389,5,2.981945,0.250095
1390,3,-2.5507267,2.865972
1391,6,4.795472,-1.9082851
1392,9,0.8896421,3.444737
1393,6,4.413155,-1.6460463
1394,1,1.4792757,-2.5662847
1395,7,-5.1760697,-0.8538588
1396,5,3.283532,0.4917985
1397,4,-0.3762109,-6.3187346
1398,4,-0.64755255,-6.1425376
1399,7,-4.319157,-1.3338974
1400,2,-0.7062688,5.620611
1401,8,-0.17950116,0.05937333
1402,2,-0.6561508,5.614316
1403,2,-0.62381023,5.531283
1404,5,2.9815896,0.9330243
1405,7,-5.3240724,-1.0966289
1406,9,0.7674788,3.4582958
1407,5,3.4554403,0.7981039
1408,4,-0.6532929,-6.0037475
1409,8,0.21844767,0.07717737
1410,8,0.39570183,0.08523579
1411,4,-0.51363015,-6.394412
1412,9,0.8696469,3.5095918
1413,0,-1.2764043,-1.1351038
1414,8,0.14981811,-0.09195593
1415,0,-2.4504814,-0.6912839
1416,1,-2.09005,-3.162624
1417,2,0.05292895,4.792958
1418,3,-2.9166274,3.6441336
1419,4,-1.6195354,-5.004325
1420,5,3.3569238,1.6140887
1421,6,5.110151,-0.93466634
1422,7,-4.218432,-1.9497911
1423,8,-0.29990312,1.6082813
1424,9,1.1623679,3.7360294
1425,0,-2.1537933,-1.3313133
1426,1,-2.036883,-3.2023716
1427,2,0.16149402,4.7186847
1428,3,-2.7139106,3.6717367
1429,4,-0.91736215,-5.0114455
1430,5,3.0261843,1.6295674
1431,6,5.122758,-0.7411343
1432,7,-4.46585,-1.8821121
1433,8,-0.31036097,1.4685509
1434,9,1.4118837,3.7554183
1435,0,-2.4399812,-0.40703878
1436,1,-1.601908,-2.974601
1437,2,0.025404619,4.778631
1438,3,-3.0253348,3.567791
1439,4,-1.1953068,-5.180902
1440,5,2.7588918,1.8267956
1441,6,5.265685,-0.74392503
1442,7,-4.3241706,-2.0533843
1443,8,-0.30302098,1.4490461
1444,9,1.4722699,3.2882993
1445,0,-2.3659937,-1.1331527
1446,9,1.3488163,3.283698
1447,5,2.9860432,1.6157298
1448,5,3.0122101,1.6751275
1449,6,5.0859995,-0.93944466
1450,5,3.0304413,1.7047617
1451,0,-2.5086198,-0.99562615
1452,9,1.2672398,3.6567273
1453,8,0.025757354,1.3569329
1454,9,1.5132533,3.4817364
1455,8,-0.10592027,1.377784
1456,4,-1.0285331,-5.379288
1457,1,-2.0116112,-3.1792889
1458,7,-4.5162916,-1.7746842
1459,7,-4.6278987,-2.0644886
1460,3,-2.83236,2.8134487
1461,5,3.1230335,2.0285907
1462,1,-1.9523517,-3.2411501
1463,0,-2.5309925,-0.9694671
1464,0,-2.579099,-1.0059574
1465,2,-0.22356045,5.1065593
1466,2,-0.04664928,4.73207
1467,7,-4.3070436,-1.8111196
1468,8,-0.11017273,1.8801038
1469,2,-0.45690417,4.7918196
1470,0,-2.4977372,-1.4259688
1471,1,-2.0824425,-3.2194092
1472,2,-0.35911897,4.8621483
1473,6,5.1871576,-0.83691216
1474,3,-2.8299234,3.541023
1475,3,-2.6540484,3.186246
1476,7,-4.3178167,-1.7679493
1477,3,-2.6780016,3.5299413
1478,3,-2.6204634,2.8049026
1479,4,-0.95764786,-5.183308
1480,6,5.3675723,-0.98319894
1481,6,5.6978154,-0.9735896
1482,6,5.3209286,-1.3908825
1483,4,-1.1856453,-5.2177367
1484,9,1.4667218,3.1153238
1485,1,-2.027351,-3.2457721
1486,5,3.019794,1.6119369
1487,0,-2.2162335,-1.2874234
1488,9,1.5479723,3.1758204
1489,5,3.3097901,0.82762086
1490,2,-0.25348663,4.8971577
1491,8,-0.16622739,1.8078346
1492,2,-0.23513153,4.902759
1493,0,-2.3651283,-1.4059786
1494,0,-2.4962442,-0.9137226
1495,1,-2.0449164,-3.4003038
1496,7,-4.28417,-1.7734859
1497,6,4.9386077,-0.7643589
1498,3,-2.8431578,3.2464328
1499,2,1.1234155,5.0213633
1500,1,-2.0632796,-3.2124767
1501,7,-4.5601993,-1.571739
1502,4,-1.0004455,-5.2279716
1503,6,4.999158,-0.9217868
1504,3,-2.7934504,2.885358
1505,1,-1.7249418,-3.0172145
1506,3,-2.8574955,2.9353771
1507,9,1.2544483,3.670585
1508,1,-1.9780861,-3.150209
1509,7,-4.448133,-1.8263608
1510,6,5.198874,-0.96270025
1511,8,-0.13450377,1.7592374
1512,4,-1.3382179,-5.171283
1513,3,-2.7116852,3.174511
1514,1,-1.9175973,-3.1963441
1515,4,-1.2878294,-5.1911874
1516,0,-2.3822575,-1.0799615
1517,5,3.080971,2.0609643
1518,3,-2.9486125,3.158967
1519,6,5.138379,-0.9321148
1520,9,1.2822819,3.4199922
1521,6,5.545656,-1.6291083
1522,1,-2.029228,-3.2326298
1523,7,-4.4178653,-2.0523887
1524,5,2.9458764,2.1550512
1525,4,-1.1150726,-5.1525908
1526,4,-1.689237,-5.239268
1527,7,-4.293408,-1.8468188
1528,2,-0.15489613,4.9959183
1529,8,-0.0285775,1.8136994
1530,2,0.122181766,5.6461625
1531,2,-0.26508328,4.7460527
1532,5,2.9902084,1.504848
1533,7,-4.319997,-1.990128
1534,9,1.1822287,3.3248403
1535,5,3.272638,1.4150525
1536,4,-1.0993347,-5.0900326
1537,8,-0.04358717,1.7846851
1538,8,-0.09553902,1.7119272
1539,4,-0.9055358,-5.380299
1540,9,1.1342366,3.7852793
1541,0,-2.507351,-0.72505474
1542,8,-0.088391,1.6837939
1543,9,1.1700509,3.7215543
1544,8,-0.06167603,1.6175913
1545,0,-1.6593711,-0.78767616
1546,1,1.3792037,-2.4472241
1547,2,0.09809092,5.417155
1548,3,-3.089948,2.014711
1549,4,-1.4716774,-5.723025
1550,5,2.8062906,-0.6788402
1551,6,5.141232,-2.0777478
1552,7,-5.970492,-0.36437115
1553,8,0.49179554,-2.3316486
1554,9,-1.1197383,-3.717815
1555,0,-1.4763169,-0.9686834
1556,1,1.2720782,-1.8753
1557,2,-0.8349459,5.5819774
1558,3,-2.8754103,2.3015614
1559,4,-1.5129242,-5.683913
1560,5,2.8505404,-0.51801246
1561,6,4.933662,-2.0501542
1562,9,-1.1493345,-4.067288
1563,0,-1.4673059,-0.7362365
1564,1,1.3485557,-1.8988377
1565,2,-0.37128815,5.641324
1566,3,-3.2476313,2.022667
1567,4,-1.910617,-5.411098
1568,5,2.628137,-0.18970802
1569,6,4.595954,-2.6102111
1570,7,-5.7784724,-0.47532606
1571,8,0.8951464,-1.1702098
1572,9,-1.1839415,-3.945707
1573,0,-1.0826906,-1.1819367
1574,9,-1.1891828,-3.892732
1575,5,2.3784807,-0.38845682
1576,5,2.8631773,-0.94672924
1577,6,4.784509,-2.069726
1578,5,2.718308,-0.6751265
1579,0,-1.9451907,-0.6678646
1580,9,-0.2674179,-2.175556
1581,8,0.20554936,0.40599158
1582,9,2.3989794,-0.4015205
1583,8,-0.74744755,0.5845651
1584,4,-1.4114009,-5.741447
1585,1,1.4447827,-2.9634182
1586,7,-4.9709578,-1.1171438
1587,7,-5.4095383,-0.21983126
1588,3,-3.7016523,0.40518996
1589,5,2.8365886,-1.0311831
1590,1,1.4241025,-2.6077955
1591,0,-1.171787,-1.1020261
1592,0,-2.3813622,-0.059327386
1593,2,-0.92304724,5.867455
1594,2,0.4001101,5.366916
1595,7,-5.3889294,-0.19748966
1596,8,0.18118213,0.23926122
1597,2,-0.845161,5.855308
1598,0,-1.6296062,-1.1129681
1599,1,1.4333587,-2.044017
1600,2,0.7901602,6.0396585
1601,6,4.944868,-2.1749663
1602,3,-3.5671885,0.45117775
1603,3,-3.59468,0.45371914
1604,7,-5.412307,-0.31405303
1605,3,-4.1260877,-0.18276945
1606,3,-3.5872185,0.49439332
1607,4,-1.8744258,-5.3156796
1608,6,4.9012566,-2.328152
1609,6,4.83822,-2.4638836
1610,6,4.9724,-2.1055884
1611,4,-3.1766098,-2.345053
1612,9,-1.0696234,-3.7211883
1613,1,1.4962867,-2.5776699
1614,5,2.8157856,-0.5800435
1615,0,-1.2550284,-1.0986794
1616,9,1.5130283,2.8742993
1617,5,3.0530305,0.3527718
1618,2,-0.8920704,5.680867
1619,8,-0.7414329,0.3935798
1620,0,-2.56272,-1.0329556
1621,1,1.4379578,-2.6957262
1622,7,-5.475139,-0.34281886
1623,6,5.0268235,-2.1810086
1624,3,-3.266046,2.151136
1625,2,1.0851748,5.392234
1626,1,1.4830545,-2.8033643
1627,7,-5.2172484,-0.4665606
1628,4,-3.1595466,-2.327155
1629,6,4.853861,-2.3466856
1630,3,-3.2979198,2.0487928
1631,1,1.4961983,-3.0331059
1632,3,-3.2111635,2.139752
1633,9,-0.23940174,-2.3016174
1634,1,1.2529191,-2.600201
1635,7,-5.427033,-0.22955273
1636,6,5.2112617,-1.9039824
1637,8,-0.7056358,0.58124983
1638,4,-1.3401413,-5.807311
1639,3,-3.206381,2.1336205
1640,1,1.3768542,-2.8534083
1641,4,-1.4762874,-5.8579974
1642,0,-1.5593868,-0.8784363
1643,5,2.6091223,-0.22613375
1644,3,-3.1716552,2.1947737
1645,6,4.7074175,-2.5301723
1646,9,1.6663728,2.8350165
1647,6,4.5720367,-2.2684827
1648,1,1.4095263,-2.9437819
1649,7,-5.418469,-1.0004658
1650,5,3.2930381,-0.19436984
1651,4,-1.7525086,-5.6673865
1652,4,-1.8447287,-5.342864
1653,7,-5.2636414,-0.5092638
1654,2,0.093658976,4.727341
1655,2,-0.7691953,5.904227
1656,5,2.7751846,-0.5748386
1657,7,-5.3574057,-0.19611262
1658,9,-3.1525424,2.269405
1659,5,2.6869502,-0.16591583
1660,4,-3.152773,-2.3255806
1661,4,-1.501859,-5.715667
1662,9,2.4179206,-0.38114023
1663,0,-2.1411612,-0.5147412
1664,8,-0.4963492,0.25902268
1665,9,-0.23649743,-2.166018
1666,8,-0.5077658,0.30958143
1667,0,-2.1659226,-1.4077853
1668,1,1.508081,-1.5709133
1669,2,0.007894866,4.9855733
1670,3,-3.2097833,3.372914
1671,4,-0.31422836,-5.841193
1672,5,3.1770103,1.3747466
1673,6,4.661602,-2.106402
1674,7,-5.6862526,-0.88618267
1675,8,-0.19753891,0.120057344
1676,9,1.512274,3.149106
1677,0,-2.0654137,-1.2735641
1678,1,0.91088545,-1.7464182
1679,2,0.85480106,5.98435
1680,3,-3.5098622,0.78915685
1681,4,-0.8418631,-6.1163087
1682,5,3.0920048,1.1150426
1683,6,4.947954,-1.0720928
1684,7,-4.4936037,-1.4023787
1685,8,-0.20516364,-0.12868477
1686,9,0.8947857,3.2716596
1687,0,-2.119437,-1.4735777
1688,1,1.2907548,-1.7902006
1689,2,0.2913898,5.8284173
1690,3,-3.368111,3.2315967
1691,4,-0.808099,-6.0306344
1692,5,3.2465696,1.1568242
1693,6,4.9635873,-1.5758382
1694,7,-5.6187754,-0.9493093
1695,8,-0.26133305,0.3230716
1696,9,1.4848453,3.0080428
1697,0,-2.3744764,-0.27270234
1698,9,1.1309439,3.2503102
1699,5,3.1541722,0.8955018
1700,5,3.4759252,1.4153154
1701,6,5.149229,-1.1481034
1702,5,3.4549768,0.82643706
1703,0,-1.4850818,-0.7630818
1704,9,1.0932364,3.6597123
1705,8,-0.4619912,0.7553973
1706,9,1.3094777,3.551903
1707,8,-0.032930363,-0.28303596
1708,4,-0.9528061,-6.0036974
1709,1,1.3726205,-1.5380276
1710,7,-4.416263,-1.9455092
1711,7,-4.1111856,-1.1930757
1712,3,-3.5874715,0.6761075
1713,5,3.1418264,1.0943176
1714,1,0.93151957,-1.550785
1715,0,-2.0816891,-1.124508
1716,0,-2.5061076,-0.4121647
1717,2,1.0549563,4.9094524
1718,2,0.072959065,4.821313
1719,7,-5.2004313,-0.76109874
1720,8,0.07600163,-0.12029894
1721,2,1.0943732,5.007542
1722,0,-1.7436603,-0.859219
1723,1,1.2177784,-1.7610049
1724,2,0.12997866,4.7408304
1725,6,4.9532747,-1.1734143
1726,3,-3.4598458,0.9594936
1727,3,-3.484915,0.7942389
1728,7,-4.955003,-1.06877
1729,3,-3.19106,3.3156667
1730,3,-3.4874508,0.81241727
1731,4,-1.089426,-6.154681
1732,6,4.487382,-2.488924
1733,6,5.164063,-1.224291
1734,6,5.9060454,-1.2637156
1735,4,-0.35584995,-5.9202237
1736,9,1.0974866,3.1296897
1737,1,0.7483613,-1.7376227
1738,5,3.4577613,1.2620885
1739,0,-2.1451428,-1.1061189
1740,9,1.0997119,3.145194
1741,5,3.2544072,1.1840905
1742,2,-0.08027886,5.3896947
1743,8,-0.31532463,0.43412215
1744,2,0.52498186,6.006658
1745,0,-2.293869,-0.34340495
1746,0,-2.119411,-1.3155811
1747,1,0.65281844,-1.6822841
1748,7,-5.1358213,-0.5198241
1749,6,4.4939394,-2.333218
1750,3,-3.087043,1.5766773
1751,2,0.4302634,5.8727922
1752,1,0.45854145,-2.1477942
1753,7,-5.0022216,-0.5982477
1754,4,-0.39096922,-5.891572
1755,6,4.8937597,-2.3889472
1756,3,-2.9922557,1.8905483
1757,1,0.75996673,-1.8935254
1758,3,-2.8532157,2.8159986
1759,9,0.981564,3.137856
1760,1,1.2003709,-1.7284207
1761,7,-5.104566,-1.0967417
1762,6,5.2149096,-1.5506959
1763,8,0.039960455,0.12237253
1764,4,-0.4530856,-6.264745
1765,3,-3.4009223,3.239858
1766,1,0.7689887,-1.6756129
1767,4,-0.46322346,-5.9224358
1768,0,-1.6168591,-1.0832441
1769,5,3.1932163,1.66248
1770,3,-3.0610206,2.916652
1771,6,4.8245373,-2.5483568
1772,9,1.0169009,3.0938377
1773,6,4.9935265,-1.0514805
1774,1,0.58964545,-1.7879262
1775,7,-5.60285,-0.3654817
1776,5,2.9320908,1.2652699
1777,4,-0.3323255,-5.9041796
1778,4,-0.35760775,-6.040926
1779,7,-4.4793158,-1.0784097
1780,2,-0.11486748,5.1256356
1781,8,-0.40046844,0.6014134
1782,2,-0.11794348,5.0640984
1783,2,-0.23336077,4.788617
1784,5,3.2056167,1.1483355
1785,7,-5.204766,-0.49112818
1786,9,1.1758643,2.9071271
1787,5,3.3227198,1.8695592
1788,4,-0.4903584,-6.1112943
1789,8,-0.07992842,-0.2307655
1790,8,0.46814734,-1.0809757
1791,4,-0.82899284,-6.058907
1792,9,0.96427876,3.3951707
1793,0,-1.5034572,-0.5687195
1794,8,0.02541915,0.26987758
1795,9,0.4655127,3.0884387
1796,8,-0.46357778,0.8461698
